"Status","Start Time","Stop Time","Duration in ms","Parent Suite","Suite","Sub Suite","Test Class","Test Method","Name","Description"
"passed","Fri Apr 22 16:20:11 GMT 2022","Fri Apr 22 16:20:13 GMT 2022","1928","integration.tests.basic","test_transfers","TestTransactionsValidation","","","test_generate_bad_sign[1000-18446744073709552-insufficient funds for transfer]","Generate bad sign (when v, r, s over allowed size)
        Too low gas_limit
        Too high gas_limit > u64::max
        Too high gas_limit > u64::max
        Too high gas_price > u64::max
        Too high gas_limit * gas_price > u64::max
        "
"passed","Fri Apr 22 16:17:19 GMT 2022","Fri Apr 22 16:17:20 GMT 2022","715","integration.tests.basic","test_rpc_calls","TestRpcCalls","","","test_eth_get_logs_via_numbers","Verify implemented rpc calls work eth_getLogs"
"passed","Fri Apr 22 16:17:33 GMT 2022","Fri Apr 22 16:17:33 GMT 2022","95","integration.tests.basic","test_rpc_calls","TestRpcCalls","","","test_eth_hash_rate[None-False]","Verify implemented rpc calls work eth_hashrate"
"passed","Fri Apr 22 16:17:17 GMT 2022","Fri Apr 22 16:17:17 GMT 2022","714","integration.tests.basic","test_rpc_calls","TestRpcCalls","","","test_eth_get_logs_via_tags[earliest-latest]","Verify implemented rpc calls work eth_getLogs"
"passed","Fri Apr 22 16:17:24 GMT 2022","Fri Apr 22 16:17:26 GMT 2022","1374","integration.tests.basic","test_rpc_calls","TestRpcCalls","","","test_rpc_call_eth_get_transaction_by_hash","Verify implemented rpc calls work eth_getTransactionByHash"
"skipped","Fri Apr 22 16:19:51 GMT 2022","Fri Apr 22 16:19:51 GMT 2022","0","integration.tests.basic","test_transfers","TestTransfer","","","test_send_negative_sum_from_account_spl","Send negative sum from account: spl (with different precision)"
"failed","Fri Apr 22 16:19:53 GMT 2022","Fri Apr 22 16:19:54 GMT 2022","1041","integration.tests.basic","test_transfers","TestTransfer","","","test_check_erc_1820_transaction","Check ERC-1820 transaction (without chain_id in sign)"
"failed","Fri Apr 22 16:20:13 GMT 2022","Fri Apr 22 16:20:14 GMT 2022","617","integration.tests.basic","test_transfers","TestTransactionsValidation","","","test_send_with_big_nonce","Nonce is too high"
"passed","Fri Apr 22 16:17:32 GMT 2022","Fri Apr 22 16:17:32 GMT 2022","94","integration.tests.basic","test_rpc_calls","TestRpcCalls","","","test_eth_get_block_transaction_count_by_hash[None-True]","Verify implemented rpc calls work eth_getBlockTransactionCountByHash"
"passed","Fri Apr 22 16:19:05 GMT 2022","Fri Apr 22 16:19:19 GMT 2022","13356","integration.tests.basic","test_single_client_activity","TestSingleClient","","","test_verify_faucet_work_multiple_requests[10000]","Verify faucet work (request drop for several accounts): double request"
"passed","Fri Apr 22 16:17:29 GMT 2022","Fri Apr 22 16:17:29 GMT 2022","103","integration.tests.basic","test_rpc_calls","TestRpcCalls","","","test_eth_get_block_by_umber_via_tags[Tag.LATEST-False]","Verify implemented rpc calls work eth_getBlockByNumber"
"passed","Fri Apr 22 16:17:34 GMT 2022","Fri Apr 22 16:17:34 GMT 2022","96","integration.tests.basic","test_rpc_calls","TestRpcCalls","","","test_check_unsupported_methods[eth_compileLLL]","Check that endpoint was not implemented"
"passed","Fri Apr 22 16:17:46 GMT 2022","Fri Apr 22 16:17:47 GMT 2022","717","integration.tests.basic","test_single_client_activity","TestSingleClient","","","test_check_tokens_in_wallet_neon","Check tokens in wallet: neon"
"passed","Fri Apr 22 16:17:31 GMT 2022","Fri Apr 22 16:17:31 GMT 2022","95","integration.tests.basic","test_rpc_calls","TestRpcCalls","","","test_web3_sha3[None-True]","Verify implemented rpc calls work web3_sha3"
"passed","Fri Apr 22 16:17:34 GMT 2022","Fri Apr 22 16:17:34 GMT 2022","95","integration.tests.basic","test_rpc_calls","TestRpcCalls","","","test_check_unsupported_methods[eth_coinbase]","Check that endpoint was not implemented"
"passed","Fri Apr 22 16:20:05 GMT 2022","Fri Apr 22 16:20:07 GMT 2022","1947","integration.tests.basic","test_transfers","TestTransactionsValidation","","","test_generate_bad_sign[18446744073709551616-None-insufficient funds for transfer]","Generate bad sign (when v, r, s over allowed size)
        Too low gas_limit
        Too high gas_limit > u64::max
        Too high gas_limit > u64::max
        Too high gas_price > u64::max
        Too high gas_limit * gas_price > u64::max
        "
"passed","Fri Apr 22 16:19:49 GMT 2022","Fri Apr 22 16:19:50 GMT 2022","1436","integration.tests.basic","test_transfers","TestTransfer","","","test_zero_neon","Send zero: neon"
"passed","Fri Apr 22 16:17:32 GMT 2022","Fri Apr 22 16:17:32 GMT 2022","103","integration.tests.basic","test_rpc_calls","TestRpcCalls","","","test_eth_get_transaction_by_block_hash_and_index[params0-False]","Verify implemented rpc calls work eth_getTransactionByBlockHashAndIndex"
"skipped","Fri Apr 22 16:19:49 GMT 2022","Fri Apr 22 16:19:49 GMT 2022","0","integration.tests.basic","test_transfers","TestTransfer","","","test_send_more_than_exist_on_account_spl[0.01]","Send more than exist on account: spl (with different precision)"
"passed","Fri Apr 22 16:17:35 GMT 2022","Fri Apr 22 16:17:35 GMT 2022","96","integration.tests.basic","test_rpc_calls","TestRpcCalls","","","test_check_unsupported_methods[eth_signTransaction]","Check that endpoint was not implemented"
"skipped","Fri Apr 22 16:19:51 GMT 2022","Fri Apr 22 16:19:51 GMT 2022","0","integration.tests.basic","test_transfers","TestTransfer","","","test_send_negative_sum_from_account_erc20","Send negative sum from account: ERC20"
"passed","Fri Apr 22 16:17:35 GMT 2022","Fri Apr 22 16:17:35 GMT 2022","96","integration.tests.basic","test_rpc_calls","TestRpcCalls","","","test_check_unsupported_methods[eth_submitHashrate]","Check that endpoint was not implemented"
"passed","Fri Apr 22 16:17:35 GMT 2022","Fri Apr 22 16:17:35 GMT 2022","97","integration.tests.basic","test_rpc_calls","TestRpcCalls","","","test_check_unsupported_methods[eth_newFilter]","Check that endpoint was not implemented"
"passed","Fri Apr 22 16:17:17 GMT 2022","Fri Apr 22 16:17:18 GMT 2022","730","integration.tests.basic","test_rpc_calls","TestRpcCalls","","","test_eth_get_logs_via_tags[pending-latest]","Verify implemented rpc calls work eth_getLogs"
"passed","Fri Apr 22 16:17:32 GMT 2022","Fri Apr 22 16:17:32 GMT 2022","96","integration.tests.basic","test_rpc_calls","TestRpcCalls","","","test_eth_get_block_transaction_count_by_number[param-True]","Verify implemented rpc calls work eth_getBlockTransactionCountByNumber"
"passed","Fri Apr 22 16:17:32 GMT 2022","Fri Apr 22 16:17:33 GMT 2022","96","integration.tests.basic","test_rpc_calls","TestRpcCalls","","","test_eth_get_transaction_by_block_hash_and_index[params2-True]","Verify implemented rpc calls work eth_getTransactionByBlockHashAndIndex"
"passed","Fri Apr 22 16:17:22 GMT 2022","Fri Apr 22 16:17:23 GMT 2022","1233","integration.tests.basic","test_rpc_calls","TestRpcCalls","","","test_rpc_call_eth_get_transaction_count","Verify implemented rpc calls work eth_getTransactionCount"
"passed","Fri Apr 22 16:19:50 GMT 2022","Fri Apr 22 16:19:50 GMT 2022","0","integration.tests.basic","test_transfers","TestTransfer","","","test_zero_erc20","Send zero: ERC20"
"passed","Fri Apr 22 16:17:35 GMT 2022","Fri Apr 22 16:17:35 GMT 2022","96","integration.tests.basic","test_rpc_calls","TestRpcCalls","","","test_check_unsupported_methods[eth_protocolVersion]","Check that endpoint was not implemented"
"passed","Fri Apr 22 16:17:15 GMT 2022","Fri Apr 22 16:17:16 GMT 2022","739","integration.tests.basic","test_rpc_calls","TestRpcCalls","","","test_eth_estimate_gas[params0-False]","Verify implemented rpc calls work eth_estimateGas"
"passed","Fri Apr 22 16:17:29 GMT 2022","Fri Apr 22 16:17:29 GMT 2022","121","integration.tests.basic","test_rpc_calls","TestRpcCalls","","","test_eth_get_block_by_umber_via_tags[Tag.PENDING-False]","Verify implemented rpc calls work eth_getBlockByNumber"
"passed","Fri Apr 22 16:17:33 GMT 2022","Fri Apr 22 16:17:33 GMT 2022","96","integration.tests.basic","test_rpc_calls","TestRpcCalls","","","test_eth_hash_rate[param-True]","Verify implemented rpc calls work eth_hashrate"
"skipped","Fri Apr 22 16:17:47 GMT 2022","Fri Apr 22 16:17:47 GMT 2022","0","integration.tests.basic","test_single_client_activity","TestSingleClient","","","test_check_tokens_in_wallet_ERC20","Check tokens in wallet: ERC20"
"passed","Fri Apr 22 16:17:33 GMT 2022","Fri Apr 22 16:17:33 GMT 2022","97","integration.tests.basic","test_rpc_calls","TestRpcCalls","","","test_eth_get_transaction_by_block_hash_and_index[params3-True]","Verify implemented rpc calls work eth_getTransactionByBlockHashAndIndex"
"passed","Fri Apr 22 16:17:34 GMT 2022","Fri Apr 22 16:17:34 GMT 2022","96","integration.tests.basic","test_rpc_calls","TestRpcCalls","","","test_check_unsupported_methods[eth_getStorage]","Check that endpoint was not implemented"
"passed","Fri Apr 22 16:17:27 GMT 2022","Fri Apr 22 16:17:28 GMT 2022","1392","integration.tests.basic","test_rpc_calls","TestRpcCalls","","","test_eth_get_block_by_hash","Verify implemented rpc calls work eth_getBlockByHash"
"passed","Fri Apr 22 16:17:30 GMT 2022","Fri Apr 22 16:17:30 GMT 2022","117","integration.tests.basic","test_rpc_calls","TestRpcCalls","","","test_eth_get_storage_at[params0-False]","Verify implemented rpc calls work eht_getStorageAt"
"passed","Fri Apr 22 16:17:34 GMT 2022","Fri Apr 22 16:17:34 GMT 2022","96","integration.tests.basic","test_rpc_calls","TestRpcCalls","","","test_check_unsupported_methods[eth_getUncleByBlockHashAndIndex]","Check that endpoint was not implemented"
"passed","Fri Apr 22 16:17:37 GMT 2022","Fri Apr 22 16:17:37 GMT 2022","97","integration.tests.basic","test_rpc_calls","TestRpcCalls","","","test_check_unsupported_methods[shh_version]","Check that endpoint was not implemented"
"passed","Fri Apr 22 16:17:19 GMT 2022","Fri Apr 22 16:17:19 GMT 2022","718","integration.tests.basic","test_rpc_calls","TestRpcCalls","","","test_eth_get_logs_via_tags[latest-pending]","Verify implemented rpc calls work eth_getLogs"
"passed","Fri Apr 22 16:17:21 GMT 2022","Fri Apr 22 16:17:22 GMT 2022","723","integration.tests.basic","test_rpc_calls","TestRpcCalls","","","test_eth_get_code","Verify implemented rpc calls work eth_getCode"
"passed","Fri Apr 22 16:17:31 GMT 2022","Fri Apr 22 16:17:31 GMT 2022","96","integration.tests.basic","test_rpc_calls","TestRpcCalls","","","test_net_peer_count[param-True]","Verify implemented rpc calls work net_peerCount"
"passed","Fri Apr 22 16:20:07 GMT 2022","Fri Apr 22 16:20:09 GMT 2022","1935","integration.tests.basic","test_transfers","TestTransactionsValidation","","","test_generate_bad_sign[0-18446744073709551616-insufficient funds for transfer]","Generate bad sign (when v, r, s over allowed size)
        Too low gas_limit
        Too high gas_limit > u64::max
        Too high gas_limit > u64::max
        Too high gas_price > u64::max
        Too high gas_limit * gas_price > u64::max
        "
"passed","Fri Apr 22 16:17:34 GMT 2022","Fri Apr 22 16:17:34 GMT 2022","96","integration.tests.basic","test_rpc_calls","TestRpcCalls","","","test_check_unsupported_methods[eth_getFilterChanges]","Check that endpoint was not implemented"
"passed","Fri Apr 22 16:17:26 GMT 2022","Fri Apr 22 16:17:27 GMT 2022","1195","integration.tests.basic","test_rpc_calls","TestRpcCalls","","","test_rpc_call_eth_get_transaction_receipt","Verify implemented rpc calls work eth_getTransactionReceipt"
"passed","Fri Apr 22 16:17:23 GMT 2022","Fri Apr 22 16:17:24 GMT 2022","1169","integration.tests.basic","test_rpc_calls","TestRpcCalls","","","test_rpc_call_eth_send_raw_transaction","Verify implemented rpc calls work eth_sendRawTransaction"
"passed","Fri Apr 22 16:19:47 GMT 2022","Fri Apr 22 16:19:48 GMT 2022","916","integration.tests.basic","test_transfers","TestTransfer","","","test_send_more_than_exist_on_account_neon[11000501]","Send more than exist on account: neon"
"passed","Fri Apr 22 16:17:36 GMT 2022","Fri Apr 22 16:17:36 GMT 2022","96","integration.tests.basic","test_rpc_calls","TestRpcCalls","","","test_check_unsupported_methods[shh_newFilter]","Check that endpoint was not implemented"
"passed","Fri Apr 22 16:17:16 GMT 2022","Fri Apr 22 16:17:17 GMT 2022","718","integration.tests.basic","test_rpc_calls","TestRpcCalls","","","test_eth_get_logs_via_tags[latest-latest]","Verify implemented rpc calls work eth_getLogs"
"passed","Fri Apr 22 16:17:33 GMT 2022","Fri Apr 22 16:17:34 GMT 2022","95","integration.tests.basic","test_rpc_calls","TestRpcCalls","","","test_check_unsupported_methods[eth_accounts]","Check that endpoint was not implemented"
"passed","Fri Apr 22 16:17:30 GMT 2022","Fri Apr 22 16:17:31 GMT 2022","95","integration.tests.basic","test_rpc_calls","TestRpcCalls","","","test_eth_get_storage_at[params1-True]","Verify implemented rpc calls work eht_getStorageAt"
"passed","Fri Apr 22 16:17:47 GMT 2022","Fri Apr 22 16:17:54 GMT 2022","7283","integration.tests.basic","test_single_client_activity","TestSingleClient","","","test_verify_faucet_work_single_request[1]","Verify faucet work (request drop for several accounts): single request"
"passed","Fri Apr 22 16:17:34 GMT 2022","Fri Apr 22 16:17:34 GMT 2022","98","integration.tests.basic","test_rpc_calls","TestRpcCalls","","","test_check_unsupported_methods[eth_getUncleByBlockNumberAndIndex]","Check that endpoint was not implemented"
"passed","Fri Apr 22 16:17:35 GMT 2022","Fri Apr 22 16:17:36 GMT 2022","95","integration.tests.basic","test_rpc_calls","TestRpcCalls","","","test_check_unsupported_methods[eth_submitWork]","Check that endpoint was not implemented"
"passed","Fri Apr 22 16:20:14 GMT 2022","Fri Apr 22 16:20:15 GMT 2022","1457","integration.tests.basic","test_transfers","TestTransactionsValidation","","","test_send_with_old_nonce","Nonce is too low"
"passed","Fri Apr 22 16:20:09 GMT 2022","Fri Apr 22 16:20:11 GMT 2022","1949","integration.tests.basic","test_transfers","TestTransactionsValidation","","","test_generate_bad_sign[1-18446744073709551616-insufficient funds for transfer]","Generate bad sign (when v, r, s over allowed size)
        Too low gas_limit
        Too high gas_limit > u64::max
        Too high gas_limit > u64::max
        Too high gas_price > u64::max
        Too high gas_limit * gas_price > u64::max
        "
"passed","Fri Apr 22 16:17:33 GMT 2022","Fri Apr 22 16:17:33 GMT 2022","94","integration.tests.basic","test_rpc_calls","TestRpcCalls","","","test_eth_get_transaction_by_block_number_and_index[params1-False]","Verify implemented rpc calls work eth_getTransactionByBlockNumberAndIndex"
"passed","Fri Apr 22 16:17:31 GMT 2022","Fri Apr 22 16:17:31 GMT 2022","95","integration.tests.basic","test_rpc_calls","TestRpcCalls","","","test_web3_sha3[0x6865-False]","Verify implemented rpc calls work web3_sha3"
"passed","Fri Apr 22 16:18:16 GMT 2022","Fri Apr 22 16:18:23 GMT 2022","7190","integration.tests.basic","test_single_client_activity","TestSingleClient","","","test_verify_faucet_work_single_request[20000]","Verify faucet work (request drop for several accounts): single request"
"passed","Fri Apr 22 16:19:41 GMT 2022","Fri Apr 22 16:19:44 GMT 2022","2263","integration.tests.basic","test_transfers","TestTransfer","","","test_send_neon_from_one_account_to_another[0.01]","Send neon from one account to another"
"passed","Fri Apr 22 16:17:33 GMT 2022","Fri Apr 22 16:17:33 GMT 2022","96","integration.tests.basic","test_rpc_calls","TestRpcCalls","","","test_eth_get_transaction_by_block_number_and_index[params3-True]","Verify implemented rpc calls work eth_getTransactionByBlockNumberAndIndex"
"passed","Fri Apr 22 16:17:31 GMT 2022","Fri Apr 22 16:17:31 GMT 2022","120","integration.tests.basic","test_rpc_calls","TestRpcCalls","","","test_eth_syncing[None-False]","Verify implemented rpc calls work eth_syncing"
"passed","Fri Apr 22 16:17:32 GMT 2022","Fri Apr 22 16:17:32 GMT 2022","97","integration.tests.basic","test_rpc_calls","TestRpcCalls","","","test_eth_get_block_transaction_count_by_number[None-True]","Verify implemented rpc calls work eth_getBlockTransactionCountByNumber"
"passed","Fri Apr 22 16:17:31 GMT 2022","Fri Apr 22 16:17:31 GMT 2022","95","integration.tests.basic","test_rpc_calls","TestRpcCalls","","","test_web3_sha3[param-True]","Verify implemented rpc calls work web3_sha3"
"passed","Fri Apr 22 16:17:36 GMT 2022","Fri Apr 22 16:17:36 GMT 2022","96","integration.tests.basic","test_rpc_calls","TestRpcCalls","","","test_check_unsupported_methods[shh_getMessages]","Check that endpoint was not implemented"
"passed","Fri Apr 22 16:17:32 GMT 2022","Fri Apr 22 16:17:32 GMT 2022","123","integration.tests.basic","test_rpc_calls","TestRpcCalls","","","test_eth_get_transaction_by_block_hash_and_index[params1-False]","Verify implemented rpc calls work eth_getTransactionByBlockHashAndIndex"
"passed","Fri Apr 22 16:17:34 GMT 2022","Fri Apr 22 16:17:35 GMT 2022","97","integration.tests.basic","test_rpc_calls","TestRpcCalls","","","test_check_unsupported_methods[eth_getUncleCountByBlockHash]","Check that endpoint was not implemented"
"skipped","Fri Apr 22 16:19:49 GMT 2022","Fri Apr 22 16:19:49 GMT 2022","0","integration.tests.basic","test_transfers","TestTransfer","","","test_send_more_than_exist_on_account_spl[1]","Send more than exist on account: spl (with different precision)"
"passed","Fri Apr 22 16:17:30 GMT 2022","Fri Apr 22 16:17:30 GMT 2022","100","integration.tests.basic","test_rpc_calls","TestRpcCalls","","","test_eth_block_number","Verify implemented rpc calls work work eth_blockNumber"
"skipped","Fri Apr 22 16:19:50 GMT 2022","Fri Apr 22 16:19:50 GMT 2022","0","integration.tests.basic","test_transfers","TestTransfer","","","test_zero_spl","Send zero: spl (with different precision)"
"passed","Fri Apr 22 16:20:15 GMT 2022","Fri Apr 22 16:20:17 GMT 2022","1544","integration.tests.basic","test_transfers","TestTransactionsValidation","","","test_there_are_not_enough_neons_for_gas_fee","There are not enough Neons for gas fee"
"passed","Fri Apr 22 16:17:33 GMT 2022","Fri Apr 22 16:17:33 GMT 2022","96","integration.tests.basic","test_rpc_calls","TestRpcCalls","","","test_eth_get_work[param-True]","Verify implemented rpc calls work eth_getWork"
"passed","Fri Apr 22 16:17:36 GMT 2022","Fri Apr 22 16:17:37 GMT 2022","96","integration.tests.basic","test_rpc_calls","TestRpcCalls","","","test_check_unsupported_methods[shh_uninstallFilter]","Check that endpoint was not implemented"
"passed","Fri Apr 22 16:17:22 GMT 2022","Fri Apr 22 16:17:22 GMT 2022","97","integration.tests.basic","test_rpc_calls","TestRpcCalls","","","test_net_version","Verify implemented rpc calls work work net_version"
"passed","Fri Apr 22 16:17:54 GMT 2022","Fri Apr 22 16:18:01 GMT 2022","7193","integration.tests.basic","test_single_client_activity","TestSingleClient","","","test_verify_faucet_work_single_request[5]","Verify faucet work (request drop for several accounts): single request"
"passed","Fri Apr 22 16:17:36 GMT 2022","Fri Apr 22 16:17:36 GMT 2022","95","integration.tests.basic","test_rpc_calls","TestRpcCalls","","","test_check_unsupported_methods[shh_addToGroup]","Check that endpoint was not implemented"
"passed","Fri Apr 22 16:17:35 GMT 2022","Fri Apr 22 16:17:35 GMT 2022","95","integration.tests.basic","test_rpc_calls","TestRpcCalls","","","test_check_unsupported_methods[eth_getUncleCountByBlockNumber]","Check that endpoint was not implemented"
"passed","Fri Apr 22 16:17:31 GMT 2022","Fri Apr 22 16:17:31 GMT 2022","98","integration.tests.basic","test_rpc_calls","TestRpcCalls","","","test_net_peer_count[None-False]","Verify implemented rpc calls work net_peerCount"
"failed","Fri Apr 22 16:20:04 GMT 2022","Fri Apr 22 16:20:05 GMT 2022","1731","integration.tests.basic","test_transfers","TestTransactionsValidation","","","test_generate_bad_sign[1-None-gas limit reached]","Generate bad sign (when v, r, s over allowed size)
        Too low gas_limit
        Too high gas_limit > u64::max
        Too high gas_limit > u64::max
        Too high gas_price > u64::max
        Too high gas_limit * gas_price > u64::max
        "
"passed","Fri Apr 22 16:17:32 GMT 2022","Fri Apr 22 16:17:32 GMT 2022","136","integration.tests.basic","test_rpc_calls","TestRpcCalls","","","test_eth_get_block_transaction_count_by_number[earliest-False]","Verify implemented rpc calls work eth_getBlockTransactionCountByNumber"
"passed","Fri Apr 22 16:17:33 GMT 2022","Fri Apr 22 16:17:33 GMT 2022","95","integration.tests.basic","test_rpc_calls","TestRpcCalls","","","test_eth_get_transaction_by_block_number_and_index[params2-True]","Verify implemented rpc calls work eth_getTransactionByBlockNumberAndIndex"
"passed","Fri Apr 22 16:17:34 GMT 2022","Fri Apr 22 16:17:34 GMT 2022","95","integration.tests.basic","test_rpc_calls","TestRpcCalls","","","test_check_unsupported_methods[eth_compileSerpent]","Check that endpoint was not implemented"
"skipped","Fri Apr 22 16:17:47 GMT 2022","Fri Apr 22 16:17:47 GMT 2022","0","integration.tests.basic","test_single_client_activity","TestSingleClient","","","test_check_tokens_in_wallet_spl","Check tokens in wallet: spl"
"passed","Fri Apr 22 16:18:23 GMT 2022","Fri Apr 22 16:18:36 GMT 2022","13379","integration.tests.basic","test_single_client_activity","TestSingleClient","","","test_verify_faucet_work_multiple_requests[1]","Verify faucet work (request drop for several accounts): double request"
"passed","Fri Apr 22 16:18:09 GMT 2022","Fri Apr 22 16:18:16 GMT 2022","7203","integration.tests.basic","test_single_client_activity","TestSingleClient","","","test_verify_faucet_work_single_request[10000]","Verify faucet work (request drop for several accounts): single request"
"passed","Fri Apr 22 16:17:35 GMT 2022","Fri Apr 22 16:17:35 GMT 2022","96","integration.tests.basic","test_rpc_calls","TestRpcCalls","","","test_check_unsupported_methods[eth_sign]","Check that endpoint was not implemented"
"passed","Fri Apr 22 16:17:28 GMT 2022","Fri Apr 22 16:17:28 GMT 2022","117","integration.tests.basic","test_rpc_calls","TestRpcCalls","","","test_eth_get_block_by_umber_via_tags[Tag.EARLIEST-True]","Verify implemented rpc calls work eth_getBlockByNumber"
"passed","Fri Apr 22 16:17:31 GMT 2022","Fri Apr 22 16:17:32 GMT 2022","124","integration.tests.basic","test_rpc_calls","TestRpcCalls","","","test_eth_get_block_transaction_count_by_hash[32-False]","Verify implemented rpc calls work eth_getBlockTransactionCountByHash"
"passed","Fri Apr 22 16:17:46 GMT 2022","Fri Apr 22 16:17:46 GMT 2022","105","integration.tests.basic","test_single_client_activity","TestSingleClient","","","test_create_account_and_get_balance","Create account and get balance"
"passed","Fri Apr 22 16:17:16 GMT 2022","Fri Apr 22 16:17:16 GMT 2022","95","integration.tests.basic","test_rpc_calls","TestRpcCalls","","","test_eth_estimate_gas[params1-True]","Verify implemented rpc calls work eth_estimateGas"
"passed","Fri Apr 22 16:17:31 GMT 2022","Fri Apr 22 16:17:31 GMT 2022","96","integration.tests.basic","test_rpc_calls","TestRpcCalls","","","test_eth_mining[None-False]","Verify implemented rpc calls work eth_mining"
"passed","Fri Apr 22 16:17:36 GMT 2022","Fri Apr 22 16:17:36 GMT 2022","96","integration.tests.basic","test_rpc_calls","TestRpcCalls","","","test_check_unsupported_methods[shh_post]","Check that endpoint was not implemented"
"passed","Fri Apr 22 16:19:44 GMT 2022","Fri Apr 22 16:19:45 GMT 2022","1656","integration.tests.basic","test_transfers","TestTransfer","","","test_send_neon_from_one_account_to_another[1]","Send neon from one account to another"
"passed","Fri Apr 22 16:17:36 GMT 2022","Fri Apr 22 16:17:36 GMT 2022","96","integration.tests.basic","test_rpc_calls","TestRpcCalls","","","test_check_unsupported_methods[shh_getFilterChanges]","Check that endpoint was not implemented"
"passed","Fri Apr 22 16:19:19 GMT 2022","Fri Apr 22 16:19:32 GMT 2022","13347","integration.tests.basic","test_single_client_activity","TestSingleClient","","","test_verify_faucet_work_multiple_requests[20000]","Verify faucet work (request drop for several accounts): double request"
"passed","Fri Apr 22 16:17:32 GMT 2022","Fri Apr 22 16:17:32 GMT 2022","96","integration.tests.basic","test_rpc_calls","TestRpcCalls","","","test_eth_get_block_transaction_count_by_hash[16-True]","Verify implemented rpc calls work eth_getBlockTransactionCountByHash"
"passed","Fri Apr 22 16:17:29 GMT 2022","Fri Apr 22 16:17:29 GMT 2022","100","integration.tests.basic","test_rpc_calls","TestRpcCalls","","","test_eth_get_block_by_umber_via_tags[Tag.PENDING-True]","Verify implemented rpc calls work eth_getBlockByNumber"
"passed","Fri Apr 22 16:17:33 GMT 2022","Fri Apr 22 16:17:33 GMT 2022","95","integration.tests.basic","test_rpc_calls","TestRpcCalls","","","test_eth_get_work[None-False]","Verify implemented rpc calls work eth_getWork"
"skipped","Fri Apr 22 16:19:47 GMT 2022","Fri Apr 22 16:19:47 GMT 2022","0","integration.tests.basic","test_transfers","TestTransfer","","","test_send_spl_wrapped_account_from_one_account_to_another","Send spl wrapped account from one account to another"
"passed","Fri Apr 22 16:17:33 GMT 2022","Fri Apr 22 16:17:33 GMT 2022","95","integration.tests.basic","test_rpc_calls","TestRpcCalls","","","test_eth_get_transaction_by_block_number_and_index[params0-False]","Verify implemented rpc calls work eth_getTransactionByBlockNumberAndIndex"
"skipped","Fri Apr 22 16:19:49 GMT 2022","Fri Apr 22 16:19:49 GMT 2022","0","integration.tests.basic","test_transfers","TestTransfer","","","test_send_more_than_exist_on_account_spl[1.1]","Send more than exist on account: spl (with different precision)"
"passed","Fri Apr 22 16:17:34 GMT 2022","Fri Apr 22 16:17:34 GMT 2022","96","integration.tests.basic","test_rpc_calls","TestRpcCalls","","","test_check_unsupported_methods[eth_getCompilers]","Check that endpoint was not implemented"
"passed","Fri Apr 22 16:17:34 GMT 2022","Fri Apr 22 16:17:34 GMT 2022","96","integration.tests.basic","test_rpc_calls","TestRpcCalls","","","test_check_unsupported_methods[eth_compileSolidity]","Check that endpoint was not implemented"
"passed","Fri Apr 22 16:17:31 GMT 2022","Fri Apr 22 16:17:31 GMT 2022","95","integration.tests.basic","test_rpc_calls","TestRpcCalls","","","test_eth_mining[param-True]","Verify implemented rpc calls work eth_mining"
"passed","Fri Apr 22 16:17:35 GMT 2022","Fri Apr 22 16:17:35 GMT 2022","96","integration.tests.basic","test_rpc_calls","TestRpcCalls","","","test_check_unsupported_methods[eth_newPendingTransactionFilter]","Check that endpoint was not implemented"
"passed","Fri Apr 22 16:17:22 GMT 2022","Fri Apr 22 16:17:22 GMT 2022","95","integration.tests.basic","test_rpc_calls","TestRpcCalls","","","test_web3_client_version","Verify implemented rpc calls work web3_clientVersion"
"passed","Fri Apr 22 16:17:20 GMT 2022","Fri Apr 22 16:17:21 GMT 2022","716","integration.tests.basic","test_rpc_calls","TestRpcCalls","","","test_eth_get_balance","Verify implemented rpc calls work eth_getBalance"
"passed","Fri Apr 22 16:17:29 GMT 2022","Fri Apr 22 16:17:30 GMT 2022","1312","integration.tests.basic","test_rpc_calls","TestRpcCalls","","","test_eth_get_block_by_number_via_numbers","Verify implemented rpc calls work eth_getBlockByNumber"
"passed","Fri Apr 22 16:17:36 GMT 2022","Fri Apr 22 16:17:36 GMT 2022","97","integration.tests.basic","test_rpc_calls","TestRpcCalls","","","test_check_unsupported_methods[shh_hasIdentity]","Check that endpoint was not implemented"
"passed","Fri Apr 22 16:17:15 GMT 2022","Fri Apr 22 16:17:15 GMT 2022","95","integration.tests.basic","test_rpc_calls","TestRpcCalls","","","test_eth_call[params1-True]","Verify implemented rpc calls work eth_call"
"passed","Fri Apr 22 16:19:50 GMT 2022","Fri Apr 22 16:19:51 GMT 2022","497","integration.tests.basic","test_transfers","TestTransfer","","","test_send_negative_sum_from_account_neon","Send negative sum from account: neon"
"passed","Fri Apr 22 16:19:48 GMT 2022","Fri Apr 22 16:19:49 GMT 2022","905","integration.tests.basic","test_transfers","TestTransfer","","","test_send_more_than_exist_on_account_neon[10000000.1]","Send more than exist on account: neon"
"passed","Fri Apr 22 16:17:28 GMT 2022","Fri Apr 22 16:17:28 GMT 2022","133","integration.tests.basic","test_rpc_calls","TestRpcCalls","","","test_eth_get_block_by_umber_via_tags[Tag.EARLIEST-False]","Verify implemented rpc calls work eth_getBlockByNumber"
"passed","Fri Apr 22 16:18:36 GMT 2022","Fri Apr 22 16:18:52 GMT 2022","15428","integration.tests.basic","test_single_client_activity","TestSingleClient","","","test_verify_faucet_work_multiple_requests[5]","Verify faucet work (request drop for several accounts): double request"
"passed","Fri Apr 22 16:17:36 GMT 2022","Fri Apr 22 16:17:36 GMT 2022","96","integration.tests.basic","test_rpc_calls","TestRpcCalls","","","test_check_unsupported_methods[shh_newGroup]","Check that endpoint was not implemented"
"passed","Fri Apr 22 16:19:45 GMT 2022","Fri Apr 22 16:19:47 GMT 2022","1767","integration.tests.basic","test_transfers","TestTransfer","","","test_send_neon_from_one_account_to_another[1.1]","Send neon from one account to another"
"passed","Fri Apr 22 16:17:35 GMT 2022","Fri Apr 22 16:17:35 GMT 2022","98","integration.tests.basic","test_rpc_calls","TestRpcCalls","","","test_check_unsupported_methods[eth_sendTransaction]","Check that endpoint was not implemented"
"passed","Fri Apr 22 16:20:17 GMT 2022","Fri Apr 22 16:20:18 GMT 2022","1415","integration.tests.basic","test_transfers","TestTransactionsValidation","","","test_there_are_not_enough_neons_for_transfer","There are not enough Neons for transfer"
"passed","Fri Apr 22 16:17:32 GMT 2022","Fri Apr 22 16:17:32 GMT 2022","107","integration.tests.basic","test_rpc_calls","TestRpcCalls","","","test_eth_get_block_transaction_count_by_number[32-False]","Verify implemented rpc calls work eth_getBlockTransactionCountByNumber"
"passed","Fri Apr 22 16:17:14 GMT 2022","Fri Apr 22 16:17:15 GMT 2022","827","integration.tests.basic","test_rpc_calls","TestRpcCalls","","","test_eth_call[params0-False]","Verify implemented rpc calls work eth_call"
"passed","Fri Apr 22 16:19:51 GMT 2022","Fri Apr 22 16:19:52 GMT 2022","1019","integration.tests.basic","test_transfers","TestTransfer","","","test_send_token_to_an_invalid_address","Send token to an invalid address"
"passed","Fri Apr 22 16:17:36 GMT 2022","Fri Apr 22 16:17:36 GMT 2022","96","integration.tests.basic","test_rpc_calls","TestRpcCalls","","","test_check_unsupported_methods[eth_uninstallFilter]","Check that endpoint was not implemented"
"passed","Fri Apr 22 16:18:02 GMT 2022","Fri Apr 22 16:18:09 GMT 2022","7167","integration.tests.basic","test_single_client_activity","TestSingleClient","","","test_verify_faucet_work_single_request[999]","Verify faucet work (request drop for several accounts): single request"
"passed","Fri Apr 22 16:17:18 GMT 2022","Fri Apr 22 16:17:19 GMT 2022","715","integration.tests.basic","test_rpc_calls","TestRpcCalls","","","test_eth_get_logs_via_tags[latest-earliest]","Verify implemented rpc calls work eth_getLogs"
"passed","Fri Apr 22 16:17:36 GMT 2022","Fri Apr 22 16:17:36 GMT 2022","96","integration.tests.basic","test_rpc_calls","TestRpcCalls","","","test_check_unsupported_methods[shh_newIdentity]","Check that endpoint was not implemented"
"skipped","Fri Apr 22 16:19:49 GMT 2022","Fri Apr 22 16:19:49 GMT 2022","0","integration.tests.basic","test_transfers","TestTransfer","","","test_send_more_than_exist_on_account_erc20","Send more than exist on account: ERC20"
"passed","Fri Apr 22 16:17:28 GMT 2022","Fri Apr 22 16:17:29 GMT 2022","101","integration.tests.basic","test_rpc_calls","TestRpcCalls","","","test_eth_get_block_by_umber_via_tags[Tag.LATEST-True]","Verify implemented rpc calls work eth_getBlockByNumber"
"passed","Fri Apr 22 16:17:31 GMT 2022","Fri Apr 22 16:17:31 GMT 2022","95","integration.tests.basic","test_rpc_calls","TestRpcCalls","","","test_eth_syncing[param-True]","Verify implemented rpc calls work eth_syncing"
"passed","Fri Apr 22 16:17:35 GMT 2022","Fri Apr 22 16:17:35 GMT 2022","95","integration.tests.basic","test_rpc_calls","TestRpcCalls","","","test_check_unsupported_methods[eth_newBlockFilter]","Check that endpoint was not implemented"
"passed","Fri Apr 22 16:18:52 GMT 2022","Fri Apr 22 16:19:05 GMT 2022","13360","integration.tests.basic","test_single_client_activity","TestSingleClient","","","test_verify_faucet_work_multiple_requests[999]","Verify faucet work (request drop for several accounts): double request"
"passed","Fri Apr 22 16:17:16 GMT 2022","Fri Apr 22 16:17:16 GMT 2022","95","integration.tests.basic","test_rpc_calls","TestRpcCalls","","","test_eth_gas_price","Verify implemented rpc calls work eth_gasPrice"
"passed","Fri Apr 22 16:19:52 GMT 2022","Fri Apr 22 16:19:53 GMT 2022","1001","integration.tests.basic","test_transfers","TestTransfer","","","test_send_more_token_to_non_existing_address","Send token to a non-existing address"
